<metadata xml:lang="en"><Esri><CreaDate>20090723</CreaDate><CreaTime>12292500</CreaTime><SyncOnce>FALSE</SyncOnce><SyncDate>20160102</SyncDate><SyncTime>06012100</SyncTime><ModDate>20160102</ModDate><ModTime>06012100</ModTime><MetaID>{1C4CB5CA-9827-4D49-854A-FA5818EE19BB}</MetaID><DataProperties><itemProps><itemName Sync="TRUE">ParcelPoints</itemName><imsContentType Sync="TRUE">002</imsContentType><itemSize Sync="TRUE">0.000</itemSize><itemLocation><linkage Sync="TRUE">file://\\itnas1\enggisdata-34\avexport\shapefiles\RealEstate\ParcelPoints.shp</linkage><protocol Sync="TRUE">Local Area Network</protocol></itemLocation></itemProps><coordRef><type Sync="TRUE">Projected</type><geogcsn Sync="TRUE">GCS_North_American_1983_HARN</geogcsn><csUnits Sync="TRUE">Linear Unit: Foot_US (0.304801)</csUnits><projcsn Sync="TRUE">NAD_1983_HARN_StatePlane_Virginia_South_FIPS_4502_Feet</projcsn><peXml Sync="TRUE">&lt;ProjectedCoordinateSystem xsi:type='typens:ProjectedCoordinateSystem' xmlns:xsi='http://www.w3.org/2001/XMLSchema-instance' xmlns:xs='http://www.w3.org/2001/XMLSchema' xmlns:typens='http://www.esri.com/schemas/ArcGIS/10.3'&gt;&lt;WKT&gt;PROJCS[&amp;quot;NAD_1983_HARN_StatePlane_Virginia_South_FIPS_4502_Feet&amp;quot;,GEOGCS[&amp;quot;GCS_North_American_1983_HARN&amp;quot;,DATUM[&amp;quot;D_North_American_1983_HARN&amp;quot;,SPHEROID[&amp;quot;GRS_1980&amp;quot;,6378137.0,298.257222101]],PRIMEM[&amp;quot;Greenwich&amp;quot;,0.0],UNIT[&amp;quot;Degree&amp;quot;,0.0174532925199433]],PROJECTION[&amp;quot;Lambert_Conformal_Conic&amp;quot;],PARAMETER[&amp;quot;False_Easting&amp;quot;,11482916.66666666],PARAMETER[&amp;quot;False_Northing&amp;quot;,3280833.333333333],PARAMETER[&amp;quot;Central_Meridian&amp;quot;,-78.5],PARAMETER[&amp;quot;Standard_Parallel_1&amp;quot;,36.76666666666667],PARAMETER[&amp;quot;Standard_Parallel_2&amp;quot;,37.96666666666667],PARAMETER[&amp;quot;Latitude_Of_Origin&amp;quot;,36.33333333333334],UNIT[&amp;quot;Foot_US&amp;quot;,0.3048006096012192],AUTHORITY[&amp;quot;EPSG&amp;quot;,2925]],VERTCS[&amp;quot;NAVD_1988&amp;quot;,VDATUM[&amp;quot;North_American_Vertical_Datum_1988&amp;quot;],PARAMETER[&amp;quot;Vertical_Shift&amp;quot;,0.0],PARAMETER[&amp;quot;Direction&amp;quot;,1.0],UNIT[&amp;quot;Foot_US&amp;quot;,0.3048006096012192]]&lt;/WKT&gt;&lt;XOrigin&gt;-111140600&lt;/XOrigin&gt;&lt;YOrigin&gt;-91532100&lt;/YOrigin&gt;&lt;XYScale&gt;36727036.750856541&lt;/XYScale&gt;&lt;ZOrigin&gt;-100000&lt;/ZOrigin&gt;&lt;ZScale&gt;3048.0060960121923&lt;/ZScale&gt;&lt;MOrigin&gt;-100000&lt;/MOrigin&gt;&lt;MScale&gt;10000&lt;/MScale&gt;&lt;XYTolerance&gt;0.0032808333333333331&lt;/XYTolerance&gt;&lt;ZTolerance&gt;0.0032808333333333331&lt;/ZTolerance&gt;&lt;MTolerance&gt;0.001&lt;/MTolerance&gt;&lt;HighPrecision&gt;true&lt;/HighPrecision&gt;&lt;WKID&gt;2925&lt;/WKID&gt;&lt;LatestWKID&gt;2925&lt;/LatestWKID&gt;&lt;/ProjectedCoordinateSystem&gt;</peXml></coordRef><lineage><Process ToolSource="c:\program files (x86)\arcgis\desktop10.3\ArcToolbox\Toolboxes\Conversion Tools.tbx\FeatureClassToFeatureClass" Date="20160102" Time="060142">FeatureClassToFeatureClass \\itnas1\enggisdata-34\Batch\Connections\gisnn.sde\gisnn.dbo.PARCEL_POINT_VIEW \\itnas1\enggisdata-34\avexport\shapefiles\RealEstate ParcelPoints.shp # "REISID "REISID" true true false 9 Text 0 0 ,First,#,\\itnas1\enggisdata-34\Batch\Connections\gisnn.sde\gisnn.dbo.PARCEL_POINT_VIEW,REISID,-1,-1;FACNAME "FACNAME" true false false 20 Text 0 0 ,First,#,\\itnas1\enggisdata-34\Batch\Connections\gisnn.sde\gisnn.dbo.PARCEL_POINT_VIEW,FACNAME,-1,-1;HouseNo "HouseNo" true true false 4 Long 0 10 ,First,#,\\itnas1\enggisdata-34\Batch\Connections\gisnn.sde\gisnn.dbo.PARCEL_POINT_VIEW,HouseNo,-1,-1;Apt "Apt" true true false 5 Text 0 0 ,First,#,\\itnas1\enggisdata-34\Batch\Connections\gisnn.sde\gisnn.dbo.PARCEL_POINT_VIEW,Apt,-1,-1;Street "Street" true true false 24 Text 0 0 ,First,#,\\itnas1\enggisdata-34\Batch\Connections\gisnn.sde\gisnn.dbo.PARCEL_POINT_VIEW,Street,-1,-1;LeglDesc "LeglDesc" true true false 34 Text 0 0 ,First,#,\\itnas1\enggisdata-34\Batch\Connections\gisnn.sde\gisnn.dbo.PARCEL_POINT_VIEW,LeglDesc,-1,-1;Block "Block" true true false 8 Text 0 0 ,First,#,\\itnas1\enggisdata-34\Batch\Connections\gisnn.sde\gisnn.dbo.PARCEL_POINT_VIEW,Block,-1,-1;SubdivName "SubdivName" true true false 20 Text 0 0 ,First,#,\\itnas1\enggisdata-34\Batch\Connections\gisnn.sde\gisnn.dbo.PARCEL_POINT_VIEW,SubdivName,-1,-1;Sectn "Sectn" true true false 4 Text 0 0 ,First,#,\\itnas1\enggisdata-34\Batch\Connections\gisnn.sde\gisnn.dbo.PARCEL_POINT_VIEW,Sectn,-1,-1;Dimen "Dimen" true true false 34 Text 0 0 ,First,#,\\itnas1\enggisdata-34\Batch\Connections\gisnn.sde\gisnn.dbo.PARCEL_POINT_VIEW,Dimen,-1,-1;Acreage "Acreage" true true false 4 Float 2 6 ,First,#,\\itnas1\enggisdata-34\Batch\Connections\gisnn.sde\gisnn.dbo.PARCEL_POINT_VIEW,Acreage,-1,-1;CurLand "CurLand" true true false 4 Long 0 10 ,First,#,\\itnas1\enggisdata-34\Batch\Connections\gisnn.sde\gisnn.dbo.PARCEL_POINT_VIEW,CurLand,-1,-1;CurImprv "CurImprv" true true false 4 Long 0 10 ,First,#,\\itnas1\enggisdata-34\Batch\Connections\gisnn.sde\gisnn.dbo.PARCEL_POINT_VIEW,CurImprv,-1,-1;TotAssmt "TotAssmt" true true false 4 Long 0 10 ,First,#,\\itnas1\enggisdata-34\Batch\Connections\gisnn.sde\gisnn.dbo.PARCEL_POINT_VIEW,TotAssmt,-1,-1;PlanNsa "PlanNsa" true true false 2 Text 0 0 ,First,#,\\itnas1\enggisdata-34\Batch\Connections\gisnn.sde\gisnn.dbo.PARCEL_POINT_VIEW,PlanNsa,-1,-1;UseCd "UseCd" true true false 1 Text 0 0 ,First,#,\\itnas1\enggisdata-34\Batch\Connections\gisnn.sde\gisnn.dbo.PARCEL_POINT_VIEW,UseCd,-1,-1;TaxCd "TaxCd" true true false 1 Text 0 0 ,First,#,\\itnas1\enggisdata-34\Batch\Connections\gisnn.sde\gisnn.dbo.PARCEL_POINT_VIEW,TaxCd,-1,-1;Class "Class" true true false 1 Text 0 0 ,First,#,\\itnas1\enggisdata-34\Batch\Connections\gisnn.sde\gisnn.dbo.PARCEL_POINT_VIEW,Class,-1,-1;ClSubcd "ClSubcd" true true false 2 Text 0 0 ,First,#,\\itnas1\enggisdata-34\Batch\Connections\gisnn.sde\gisnn.dbo.PARCEL_POINT_VIEW,ClSubcd,-1,-1;Status "Status" true true false 1 Text 0 0 ,First,#,\\itnas1\enggisdata-34\Batch\Connections\gisnn.sde\gisnn.dbo.PARCEL_POINT_VIEW,Status,-1,-1;StatDate "StatDate" true true false 8 Text 0 0 ,First,#,\\itnas1\enggisdata-34\Batch\Connections\gisnn.sde\gisnn.dbo.PARCEL_POINT_VIEW,StatDate,-1,-1;Zone1 "Zone1" true true false 5 Text 0 0 ,First,#,\\itnas1\enggisdata-34\Batch\Connections\gisnn.sde\gisnn.dbo.PARCEL_POINT_VIEW,Zone1,-1,-1;Zone2 "Zone2" true true false 5 Text 0 0 ,First,#,\\itnas1\enggisdata-34\Batch\Connections\gisnn.sde\gisnn.dbo.PARCEL_POINT_VIEW,Zone2,-1,-1;Zone3 "Zone3" true true false 5 Text 0 0 ,First,#,\\itnas1\enggisdata-34\Batch\Connections\gisnn.sde\gisnn.dbo.PARCEL_POINT_VIEW,Zone3,-1,-1;Zone4 "Zone4" true true false 5 Text 0 0 ,First,#,\\itnas1\enggisdata-34\Batch\Connections\gisnn.sde\gisnn.dbo.PARCEL_POINT_VIEW,Zone4,-1,-1;Zone5 "Zone5" true true false 5 Text 0 0 ,First,#,\\itnas1\enggisdata-34\Batch\Connections\gisnn.sde\gisnn.dbo.PARCEL_POINT_VIEW,Zone5,-1,-1;CondUse "CondUse" true true false 9 Text 0 0 ,First,#,\\itnas1\enggisdata-34\Batch\Connections\gisnn.sde\gisnn.dbo.PARCEL_POINT_VIEW,CondUse,-1,-1;SpecCond1 "SpecCond1" true true false 1 Text 0 0 ,First,#,\\itnas1\enggisdata-34\Batch\Connections\gisnn.sde\gisnn.dbo.PARCEL_POINT_VIEW,SpecCond1,-1,-1;SpecCond2 "SpecCond2" true true false 1 Text 0 0 ,First,#,\\itnas1\enggisdata-34\Batch\Connections\gisnn.sde\gisnn.dbo.PARCEL_POINT_VIEW,SpecCond2,-1,-1;SpecCond3 "SpecCond3" true true false 1 Text 0 0 ,First,#,\\itnas1\enggisdata-34\Batch\Connections\gisnn.sde\gisnn.dbo.PARCEL_POINT_VIEW,SpecCond3,-1,-1;SpecExcpt1 "SpecExcpt1" true true false 9 Text 0 0 ,First,#,\\itnas1\enggisdata-34\Batch\Connections\gisnn.sde\gisnn.dbo.PARCEL_POINT_VIEW,SpecExcpt1,-1,-1;SpecExcpt2 "SpecExcpt2" true true false 9 Text 0 0 ,First,#,\\itnas1\enggisdata-34\Batch\Connections\gisnn.sde\gisnn.dbo.PARCEL_POINT_VIEW,SpecExcpt2,-1,-1;SpecExcpt3 "SpecExcpt3" true true false 9 Text 0 0 ,First,#,\\itnas1\enggisdata-34\Batch\Connections\gisnn.sde\gisnn.dbo.PARCEL_POINT_VIEW,SpecExcpt3,-1,-1;Use1 "Use1" true true false 1 Text 0 0 ,First,#,\\itnas1\enggisdata-34\Batch\Connections\gisnn.sde\gisnn.dbo.PARCEL_POINT_VIEW,Use1,-1,-1;StJur "StJur" true true false 1 Text 0 0 ,First,#,\\itnas1\enggisdata-34\Batch\Connections\gisnn.sde\gisnn.dbo.PARCEL_POINT_VIEW,StJur,-1,-1;StPriv "StPriv" true true false 1 Text 0 0 ,First,#,\\itnas1\enggisdata-34\Batch\Connections\gisnn.sde\gisnn.dbo.PARCEL_POINT_VIEW,StPriv,-1,-1;ZoningCase "ZoningCase" true true false 8 Text 0 0 ,First,#,\\itnas1\enggisdata-34\Batch\Connections\gisnn.sde\gisnn.dbo.PARCEL_POINT_VIEW,ZoningCaseId,-1,-1;ConditionZ "ConditionZ" true true false 9 Text 0 0 ,First,#,\\itnas1\enggisdata-34\Batch\Connections\gisnn.sde\gisnn.dbo.PARCEL_POINT_VIEW,ConditionZone,-1,-1;Var1 "Var1" true true false 5 Text 0 0 ,First,#,\\itnas1\enggisdata-34\Batch\Connections\gisnn.sde\gisnn.dbo.PARCEL_POINT_VIEW,Var1,-1,-1;Var2 "Var2" true true false 5 Text 0 0 ,First,#,\\itnas1\enggisdata-34\Batch\Connections\gisnn.sde\gisnn.dbo.PARCEL_POINT_VIEW,Var2,-1,-1;Var3 "Var3" true true false 5 Text 0 0 ,First,#,\\itnas1\enggisdata-34\Batch\Connections\gisnn.sde\gisnn.dbo.PARCEL_POINT_VIEW,Var3,-1,-1;OwnerNam "OwnerNam" true true false 33 Text 0 0 ,First,#,\\itnas1\enggisdata-34\Batch\Connections\gisnn.sde\gisnn.dbo.PARCEL_POINT_VIEW,OwnerNam,-1,-1;CoName "CoName" true true false 30 Text 0 0 ,First,#,\\itnas1\enggisdata-34\Batch\Connections\gisnn.sde\gisnn.dbo.PARCEL_POINT_VIEW,CoName,-1,-1;MailAddr "MailAddr" true true false 30 Text 0 0 ,First,#,\\itnas1\enggisdata-34\Batch\Connections\gisnn.sde\gisnn.dbo.PARCEL_POINT_VIEW,MailAddr,-1,-1;CitySt "CitySt" true true false 20 Text 0 0 ,First,#,\\itnas1\enggisdata-34\Batch\Connections\gisnn.sde\gisnn.dbo.PARCEL_POINT_VIEW,CitySt,-1,-1;Zip "Zip" true true false 4 Long 0 10 ,First,#,\\itnas1\enggisdata-34\Batch\Connections\gisnn.sde\gisnn.dbo.PARCEL_POINT_VIEW,Zip,-1,-1;ZipExt "ZipExt" true true false 2 Short 0 5 ,First,#,\\itnas1\enggisdata-34\Batch\Connections\gisnn.sde\gisnn.dbo.PARCEL_POINT_VIEW,ZipExt,-1,-1;SaleDate "SaleDate" true true false 8 Text 0 0 ,First,#,\\itnas1\enggisdata-34\Batch\Connections\gisnn.sde\gisnn.dbo.PARCEL_POINT_VIEW,SaleDate,-1,-1;DeedBook "DeedBook" true true false 6 Text 0 0 ,First,#,\\itnas1\enggisdata-34\Batch\Connections\gisnn.sde\gisnn.dbo.PARCEL_POINT_VIEW,DeedBook,-1,-1;Page "Page" true true false 4 Text 0 0 ,First,#,\\itnas1\enggisdata-34\Batch\Connections\gisnn.sde\gisnn.dbo.PARCEL_POINT_VIEW,Page,-1,-1;SaleAmt "SaleAmt" true true false 4 Long 0 10 ,First,#,\\itnas1\enggisdata-34\Batch\Connections\gisnn.sde\gisnn.dbo.PARCEL_POINT_VIEW,SaleAmt,-1,-1;SaleType "SaleType" true true false 1 Text 0 0 ,First,#,\\itnas1\enggisdata-34\Batch\Connections\gisnn.sde\gisnn.dbo.PARCEL_POINT_VIEW,SaleType,-1,-1;SaleSrce "SaleSrce" true true false 1 Text 0 0 ,First,#,\\itnas1\enggisdata-34\Batch\Connections\gisnn.sde\gisnn.dbo.PARCEL_POINT_VIEW,SaleSrce,-1,-1;SaleVlid "SaleVlid" true true false 1 Text 0 0 ,First,#,\\itnas1\enggisdata-34\Batch\Connections\gisnn.sde\gisnn.dbo.PARCEL_POINT_VIEW,SaleVlid,-1,-1" #</Process></lineage></DataProperties></Esri><idinfo><native Sync="TRUE">Microsoft Windows Vista Version 6.1 (Build 7600) ; ESRI ArcCatalog 9.3.1.3500</native><descript><langdata Sync="TRUE">en</langdata><abstract>REQUIRED: A brief narrative summary of the data set.</abstract><purpose>REQUIRED: A summary of the intentions with which the data set was developed.</purpose></descript><citation><citeinfo><origin>REQUIRED: The name of an organization or individual that developed the data set.</origin><pubdate>REQUIRED: The date when the data set is published or otherwise made available for release.</pubdate><title Sync="TRUE">gisnn.DBO.Parcel_Point_View</title><ftname Sync="TRUE">gisnn.DBO.Parcel_Point_View</ftname><geoform Sync="TRUE">vector digital data</geoform><onlink Sync="TRUE">Server=34-mssql.nnlocal.com; Service=sde:sqlserver:34-mssql.nnlocal.com; Database=gisnn; Version=dbo.DEFAULT</onlink></citeinfo></citation><timeperd><current>REQUIRED: The basis on which the time period of content information is determined.</current><timeinfo><sngdate><caldate>REQUIRED: The year (and optionally month, or month and day) for which the data set corresponds to the ground.</caldate></sngdate></timeinfo></timeperd><status><progress>REQUIRED: The state of the data set.</progress><update>REQUIRED: The frequency with which changes and additions are made to the data set after the initial data set is completed.</update></status><spdom><bounding><westbc Sync="TRUE">-76.618216</westbc><eastbc Sync="TRUE">-76.382027</eastbc><northbc Sync="TRUE">37.221186</northbc><southbc Sync="TRUE">36.962505</southbc></bounding><lboundng><leftbc Sync="TRUE">12032647.401044</leftbc><rightbc Sync="TRUE">12099585.885605</rightbc><bottombc Sync="TRUE">3516801.625898</bottombc><topbc Sync="TRUE">3609587.914734</topbc></lboundng></spdom><keywords><theme><themekt>REQUIRED: Reference to a formally registered thesaurus or a similar authoritative source of theme keywords.</themekt><themekey>REQUIRED: Common-use word or phrase used to describe the subject of the data set.</themekey></theme></keywords><accconst>REQUIRED: Restrictions and legal prerequisites for accessing the data set.</accconst><useconst>REQUIRED: Restrictions and legal prerequisites for using the data set after access is granted.</useconst><natvform Sync="TRUE">SDE Feature Class</natvform></idinfo><dataIdInfo><envirDesc Sync="TRUE"> Version 6.2 (Build 9200) ; Esri ArcGIS 10.3.1.4959</envirDesc><dataLang><languageCode Sync="TRUE" value="eng"/><countryCode value="USA" Sync="TRUE"></countryCode></dataLang><idCitation><resTitle Sync="TRUE">ParcelPoints</resTitle><presForm><PresFormCd Sync="TRUE" value="005"/></presForm></idCitation><spatRpType><SpatRepTypCd Sync="TRUE" value="001"/></spatRpType><dataExt><geoEle><GeoBndBox esriExtentType="native"><westBL Sync="TRUE">12032647.401044</westBL><eastBL Sync="TRUE">12099585.885605</eastBL><northBL Sync="TRUE">3609587.914734</northBL><southBL Sync="TRUE">3516801.625898</southBL><exTypeCode Sync="TRUE">1</exTypeCode></GeoBndBox></geoEle></dataExt><geoBox esriExtentType="decdegrees"><westBL Sync="TRUE">-76.618216</westBL><eastBL Sync="TRUE">-76.382027</eastBL><northBL Sync="TRUE">37.221186</northBL><southBL Sync="TRUE">36.962505</southBL><exTypeCode Sync="TRUE">1</exTypeCode></geoBox></dataIdInfo><metainfo><langmeta Sync="TRUE">en</langmeta><metstdn Sync="TRUE">FGDC Content Standards for Digital Geospatial Metadata</metstdn><metstdv Sync="TRUE">FGDC-STD-001-1998</metstdv><mettc Sync="TRUE">local time</mettc><metc><cntinfo><cntorgp><cntper>REQUIRED: The person responsible for the metadata information.</cntper><cntorg>REQUIRED: The organization responsible for the metadata information.</cntorg></cntorgp><cntaddr><addrtype>REQUIRED: The mailing and/or physical address for the organization or individual.</addrtype><city>REQUIRED: The city of the address.</city><state>REQUIRED: The state or province of the address.</state><postal>REQUIRED: The ZIP or other postal code of the address.</postal></cntaddr><cntvoice>REQUIRED: The telephone number by which individuals can speak to the organization or individual.</cntvoice></cntinfo></metc><metd Sync="TRUE">20100505</metd></metainfo><mdLang><languageCode Sync="TRUE" value="eng"/><countryCode value="USA" Sync="TRUE"></countryCode></mdLang><mdStanName Sync="TRUE">ISO 19115 Geographic Information - Metadata</mdStanName><mdStanVer Sync="TRUE">DIS_ESRI1.0</mdStanVer><mdChar><CharSetCd Sync="TRUE" value="004"/></mdChar><mdHrLv><ScopeCd Sync="TRUE" value="005"/></mdHrLv><mdHrLvName Sync="TRUE">dataset</mdHrLvName><distinfo><resdesc Sync="TRUE">Downloadable Data</resdesc></distinfo><distInfo><distributor><distorTran><onLineSrc><orDesc Sync="TRUE">002</orDesc><linkage Sync="TRUE">Server=34-mssql.nnlocal.com; Service=sde:sqlserver:34-mssql.nnlocal.com; Database=gisnn; Version=dbo.DEFAULT</linkage><protocol Sync="TRUE">ArcSDE Connection</protocol></onLineSrc></distorTran><distorFormat><formatName Sync="TRUE">SDE Feature Class</formatName></distorFormat></distributor><distFormat><formatName Sync="TRUE">Shapefile</formatName></distFormat><distTranOps><transSize Sync="TRUE">0.000</transSize></distTranOps></distInfo><spdoinfo><direct Sync="TRUE">Vector</direct><ptvctinf><esriterm Name="ParcelPoints"><efeatyp Sync="TRUE">Simple</efeatyp><efeageom code="1" Sync="TRUE"></efeageom><esritopo Sync="TRUE">FALSE</esritopo><efeacnt Sync="TRUE">0</efeacnt><spindex Sync="TRUE">FALSE</spindex><linrefer Sync="TRUE">FALSE</linrefer></esriterm></ptvctinf></spdoinfo><spref><horizsys><cordsysn><geogcsn Sync="TRUE">GCS_North_American_1983_HARN</geogcsn><projcsn Sync="TRUE">NAD_1983_HARN_StatePlane_Virginia_South_FIPS_4502_Feet</projcsn></cordsysn><planar><planci><plance Sync="TRUE">coordinate pair</plance><plandu Sync="TRUE">survey feet</plandu><coordrep><absres Sync="TRUE">0.000328</absres><ordres Sync="TRUE">0.000328</ordres></coordrep></planci></planar><geodetic><horizdn Sync="TRUE">D_North_American_1983_HARN</horizdn><ellips Sync="TRUE">Geodetic Reference System 80</ellips><semiaxis Sync="TRUE">6378137.000000</semiaxis><denflat Sync="TRUE">298.257222</denflat></geodetic></horizsys><vertdef><altsys><altenc Sync="TRUE">Explicit elevation coordinate included with horizontal coordinates</altenc><altres Sync="TRUE">1.000000</altres></altsys></vertdef></spref><refSysInfo><RefSystem><refSysID><identCode Sync="TRUE" code="2925">NAD_1983_HARN_StatePlane_Virginia_South_FIPS_4502_Feet</identCode><idCodeSpace Sync="TRUE">EPSG</idCodeSpace><idVersion Sync="TRUE">8.6.2</idVersion></refSysID></RefSystem></refSysInfo><spatRepInfo><VectSpatRep><geometObjs Name="ParcelPoints"><geoObjTyp><GeoObjTypCd value="004" Sync="TRUE"></GeoObjTypCd></geoObjTyp><geoObjCnt Sync="TRUE">0</geoObjCnt></geometObjs><topLvl><TopoLevCd value="001" Sync="TRUE"></TopoLevCd></topLvl></VectSpatRep></spatRepInfo><eainfo><detailed Name="ParcelPoints"><enttyp><enttypl Sync="TRUE">ParcelPoints</enttypl><enttypt Sync="TRUE">Feature Class</enttypt><enttypc Sync="TRUE">0</enttypc></enttyp><attr><attrlabl Sync="TRUE">FID</attrlabl><attalias Sync="TRUE">FID</attalias><attrtype Sync="TRUE">OID</attrtype><attwidth Sync="TRUE">4</attwidth><atprecis Sync="TRUE">0</atprecis><attscale Sync="TRUE">0</attscale><attrdef Sync="TRUE">Internal feature number.</attrdef><attrdefs Sync="TRUE">Esri</attrdefs><attrdomv><udom Sync="TRUE">Sequential unique whole numbers that are automatically generated.</udom></attrdomv></attr><attr><attrlabl Sync="TRUE">REISID</attrlabl><attalias Sync="TRUE">REISID</attalias><attrtype Sync="TRUE">String</attrtype><attwidth Sync="TRUE">9</attwidth><atprecis Sync="TRUE">0</atprecis><attscale Sync="TRUE">0</attscale></attr><attr><attrlabl Sync="TRUE">FACNAME</attrlabl><attalias Sync="TRUE">FACNAME</attalias><attrtype Sync="TRUE">String</attrtype><attwidth Sync="TRUE">20</attwidth><atprecis Sync="TRUE">0</atprecis><attscale Sync="TRUE">0</attscale></attr><attr><attrlabl Sync="TRUE">HouseNo</attrlabl><attalias Sync="TRUE">HouseNo</attalias><attrtype Sync="TRUE">Integer</attrtype><attwidth Sync="TRUE">10</attwidth><atprecis Sync="TRUE">10</atprecis><attscale Sync="TRUE">0</attscale></attr><attr><attrlabl Sync="TRUE">Apt</attrlabl><attalias Sync="TRUE">Apt</attalias><attrtype Sync="TRUE">String</attrtype><attwidth Sync="TRUE">5</attwidth><atprecis Sync="TRUE">0</atprecis><attscale Sync="TRUE">0</attscale></attr><attr><attrlabl Sync="TRUE">Street</attrlabl><attalias Sync="TRUE">Street</attalias><attrtype Sync="TRUE">String</attrtype><attwidth Sync="TRUE">24</attwidth><atprecis Sync="TRUE">0</atprecis><attscale Sync="TRUE">0</attscale></attr><attr><attrlabl Sync="TRUE">LeglDesc</attrlabl><attalias Sync="TRUE">LeglDesc</attalias><attrtype Sync="TRUE">String</attrtype><attwidth Sync="TRUE">34</attwidth><atprecis Sync="TRUE">0</atprecis><attscale Sync="TRUE">0</attscale></attr><attr><attrlabl Sync="TRUE">Block</attrlabl><attalias Sync="TRUE">Block</attalias><attrtype Sync="TRUE">String</attrtype><attwidth Sync="TRUE">8</attwidth><atprecis Sync="TRUE">0</atprecis><attscale Sync="TRUE">0</attscale></attr><attr><attrlabl Sync="TRUE">SubdivName</attrlabl><attalias Sync="TRUE">SubdivName</attalias><attrtype Sync="TRUE">String</attrtype><attwidth Sync="TRUE">20</attwidth><atprecis Sync="TRUE">0</atprecis><attscale Sync="TRUE">0</attscale></attr><attr><attrlabl Sync="TRUE">Sectn</attrlabl><attalias Sync="TRUE">Sectn</attalias><attrtype Sync="TRUE">String</attrtype><attwidth Sync="TRUE">4</attwidth><atprecis Sync="TRUE">0</atprecis><attscale Sync="TRUE">0</attscale></attr><attr><attrlabl Sync="TRUE">Dimen</attrlabl><attalias Sync="TRUE">Dimen</attalias><attrtype Sync="TRUE">String</attrtype><attwidth Sync="TRUE">34</attwidth><atprecis Sync="TRUE">0</atprecis><attscale Sync="TRUE">0</attscale></attr><attr><attrlabl Sync="TRUE">Acreage</attrlabl><attalias Sync="TRUE">Acreage</attalias><attrtype Sync="TRUE">Single</attrtype><attwidth Sync="TRUE">7</attwidth><atprecis Sync="TRUE">6</atprecis><attscale Sync="TRUE">2</attscale></attr><attr><attrlabl Sync="TRUE">CurLand</attrlabl><attalias Sync="TRUE">CurLand</attalias><attrtype Sync="TRUE">Integer</attrtype><attwidth Sync="TRUE">10</attwidth><atprecis Sync="TRUE">10</atprecis><attscale Sync="TRUE">0</attscale></attr><attr><attrlabl Sync="TRUE">CurImprv</attrlabl><attalias Sync="TRUE">CurImprv</attalias><attrtype Sync="TRUE">Integer</attrtype><attwidth Sync="TRUE">10</attwidth><atprecis Sync="TRUE">10</atprecis><attscale Sync="TRUE">0</attscale></attr><attr><attrlabl Sync="TRUE">TotAssmt</attrlabl><attalias Sync="TRUE">TotAssmt</attalias><attrtype Sync="TRUE">Integer</attrtype><attwidth Sync="TRUE">10</attwidth><atprecis Sync="TRUE">10</atprecis><attscale Sync="TRUE">0</attscale></attr><attr><attrlabl Sync="TRUE">PlanNsa</attrlabl><attalias Sync="TRUE">PlanNsa</attalias><attrtype Sync="TRUE">String</attrtype><attwidth Sync="TRUE">2</attwidth><atprecis Sync="TRUE">0</atprecis><attscale Sync="TRUE">0</attscale></attr><attr><attrlabl Sync="TRUE">UseCd</attrlabl><attalias Sync="TRUE">UseCd</attalias><attrtype Sync="TRUE">String</attrtype><attwidth Sync="TRUE">1</attwidth><atprecis Sync="TRUE">0</atprecis><attscale Sync="TRUE">0</attscale></attr><attr><attrlabl Sync="TRUE">TaxCd</attrlabl><attalias Sync="TRUE">TaxCd</attalias><attrtype Sync="TRUE">String</attrtype><attwidth Sync="TRUE">1</attwidth><atprecis Sync="TRUE">0</atprecis><attscale Sync="TRUE">0</attscale></attr><attr><attrlabl Sync="TRUE">Class</attrlabl><attalias Sync="TRUE">Class</attalias><attrtype Sync="TRUE">String</attrtype><attwidth Sync="TRUE">1</attwidth><atprecis Sync="TRUE">0</atprecis><attscale Sync="TRUE">0</attscale></attr><attr><attrlabl Sync="TRUE">ClSubcd</attrlabl><attalias Sync="TRUE">ClSubcd</attalias><attrtype Sync="TRUE">String</attrtype><attwidth Sync="TRUE">2</attwidth><atprecis Sync="TRUE">0</atprecis><attscale Sync="TRUE">0</attscale></attr><attr><attrlabl Sync="TRUE">Status</attrlabl><attalias Sync="TRUE">Status</attalias><attrtype Sync="TRUE">String</attrtype><attwidth Sync="TRUE">1</attwidth><atprecis Sync="TRUE">0</atprecis><attscale Sync="TRUE">0</attscale></attr><attr><attrlabl Sync="TRUE">StatDate</attrlabl><attalias Sync="TRUE">StatDate</attalias><attrtype Sync="TRUE">String</attrtype><attwidth Sync="TRUE">8</attwidth><atprecis Sync="TRUE">0</atprecis><attscale Sync="TRUE">0</attscale></attr><attr><attrlabl Sync="TRUE">Zone1</attrlabl><attalias Sync="TRUE">Zone1</attalias><attrtype Sync="TRUE">String</attrtype><attwidth Sync="TRUE">5</attwidth><atprecis Sync="TRUE">0</atprecis><attscale Sync="TRUE">0</attscale></attr><attr><attrlabl Sync="TRUE">Zone2</attrlabl><attalias Sync="TRUE">Zone2</attalias><attrtype Sync="TRUE">String</attrtype><attwidth Sync="TRUE">5</attwidth><atprecis Sync="TRUE">0</atprecis><attscale Sync="TRUE">0</attscale></attr><attr><attrlabl Sync="TRUE">Zone3</attrlabl><attalias Sync="TRUE">Zone3</attalias><attrtype Sync="TRUE">String</attrtype><attwidth Sync="TRUE">5</attwidth><atprecis Sync="TRUE">0</atprecis><attscale Sync="TRUE">0</attscale></attr><attr><attrlabl Sync="TRUE">Zone4</attrlabl><attalias Sync="TRUE">Zone4</attalias><attrtype Sync="TRUE">String</attrtype><attwidth Sync="TRUE">5</attwidth><atprecis Sync="TRUE">0</atprecis><attscale Sync="TRUE">0</attscale></attr><attr><attrlabl Sync="TRUE">Zone5</attrlabl><attalias Sync="TRUE">Zone5</attalias><attrtype Sync="TRUE">String</attrtype><attwidth Sync="TRUE">5</attwidth><atprecis Sync="TRUE">0</atprecis><attscale Sync="TRUE">0</attscale></attr><attr><attrlabl Sync="TRUE">CondUse</attrlabl><attalias Sync="TRUE">CondUse</attalias><attrtype Sync="TRUE">String</attrtype><attwidth Sync="TRUE">9</attwidth><atprecis Sync="TRUE">0</atprecis><attscale Sync="TRUE">0</attscale></attr><attr><attrlabl Sync="TRUE">SpecCond1</attrlabl><attalias Sync="TRUE">SpecCond1</attalias><attrtype Sync="TRUE">String</attrtype><attwidth Sync="TRUE">1</attwidth><atprecis Sync="TRUE">0</atprecis><attscale Sync="TRUE">0</attscale></attr><attr><attrlabl Sync="TRUE">SpecCond2</attrlabl><attalias Sync="TRUE">SpecCond2</attalias><attrtype Sync="TRUE">String</attrtype><attwidth Sync="TRUE">1</attwidth><atprecis Sync="TRUE">0</atprecis><attscale Sync="TRUE">0</attscale></attr><attr><attrlabl Sync="TRUE">SpecCond3</attrlabl><attalias Sync="TRUE">SpecCond3</attalias><attrtype Sync="TRUE">String</attrtype><attwidth Sync="TRUE">1</attwidth><atprecis Sync="TRUE">0</atprecis><attscale Sync="TRUE">0</attscale></attr><attr><attrlabl Sync="TRUE">SpecExcpt1</attrlabl><attalias Sync="TRUE">SpecExcpt1</attalias><attrtype Sync="TRUE">String</attrtype><attwidth Sync="TRUE">9</attwidth><atprecis Sync="TRUE">0</atprecis><attscale Sync="TRUE">0</attscale></attr><attr><attrlabl Sync="TRUE">SpecExcpt2</attrlabl><attalias Sync="TRUE">SpecExcpt2</attalias><attrtype Sync="TRUE">String</attrtype><attwidth Sync="TRUE">9</attwidth><atprecis Sync="TRUE">0</atprecis><attscale Sync="TRUE">0</attscale></attr><attr><attrlabl Sync="TRUE">SpecExcpt3</attrlabl><attalias Sync="TRUE">SpecExcpt3</attalias><attrtype Sync="TRUE">String</attrtype><attwidth Sync="TRUE">9</attwidth><atprecis Sync="TRUE">0</atprecis><attscale Sync="TRUE">0</attscale></attr><attr><attrlabl Sync="TRUE">Use1</attrlabl><attalias Sync="TRUE">Use1</attalias><attrtype Sync="TRUE">String</attrtype><attwidth Sync="TRUE">1</attwidth><atprecis Sync="TRUE">0</atprecis><attscale Sync="TRUE">0</attscale></attr><attr><attrlabl Sync="TRUE">StJur</attrlabl><attalias Sync="TRUE">StJur</attalias><attrtype Sync="TRUE">String</attrtype><attwidth Sync="TRUE">1</attwidth><atprecis Sync="TRUE">0</atprecis><attscale Sync="TRUE">0</attscale></attr><attr><attrlabl Sync="TRUE">StPriv</attrlabl><attalias Sync="TRUE">StPriv</attalias><attrtype Sync="TRUE">String</attrtype><attwidth Sync="TRUE">1</attwidth><atprecis Sync="TRUE">0</atprecis><attscale Sync="TRUE">0</attscale></attr><attr><attrlabl Sync="TRUE">Var1</attrlabl><attalias Sync="TRUE">Var1</attalias><attrtype Sync="TRUE">String</attrtype><attwidth Sync="TRUE">5</attwidth><atprecis Sync="TRUE">0</atprecis><attscale Sync="TRUE">0</attscale></attr><attr><attrlabl Sync="TRUE">ZoningCase</attrlabl><attalias Sync="TRUE">ZoningCase</attalias><attrtype Sync="TRUE">String</attrtype><attwidth Sync="TRUE">8</attwidth><atprecis Sync="TRUE">0</atprecis><attscale Sync="TRUE">0</attscale></attr><attr><attrlabl Sync="TRUE">ConditionZ</attrlabl><attalias Sync="TRUE">ConditionZ</attalias><attrtype Sync="TRUE">String</attrtype><attwidth Sync="TRUE">9</attwidth><atprecis Sync="TRUE">0</atprecis><attscale Sync="TRUE">0</attscale></attr><attr><attrlabl Sync="TRUE">Var2</attrlabl><attalias Sync="TRUE">Var2</attalias><attrtype Sync="TRUE">String</attrtype><attwidth Sync="TRUE">5</attwidth><atprecis Sync="TRUE">0</atprecis><attscale Sync="TRUE">0</attscale></attr><attr><attrlabl Sync="TRUE">Var3</attrlabl><attalias Sync="TRUE">Var3</attalias><attrtype Sync="TRUE">String</attrtype><attwidth Sync="TRUE">5</attwidth><atprecis Sync="TRUE">0</atprecis><attscale Sync="TRUE">0</attscale></attr><attr><attrlabl Sync="TRUE">OwnerNam</attrlabl><attalias Sync="TRUE">OwnerNam</attalias><attrtype Sync="TRUE">String</attrtype><attwidth Sync="TRUE">33</attwidth><atprecis Sync="TRUE">0</atprecis><attscale Sync="TRUE">0</attscale></attr><attr><attrlabl Sync="TRUE">CoName</attrlabl><attalias Sync="TRUE">CoName</attalias><attrtype Sync="TRUE">String</attrtype><attwidth Sync="TRUE">30</attwidth><atprecis Sync="TRUE">0</atprecis><attscale Sync="TRUE">0</attscale></attr><attr><attrlabl Sync="TRUE">MailAddr</attrlabl><attalias Sync="TRUE">MailAddr</attalias><attrtype Sync="TRUE">String</attrtype><attwidth Sync="TRUE">30</attwidth><atprecis Sync="TRUE">0</atprecis><attscale Sync="TRUE">0</attscale></attr><attr><attrlabl Sync="TRUE">CitySt</attrlabl><attalias Sync="TRUE">CitySt</attalias><attrtype Sync="TRUE">String</attrtype><attwidth Sync="TRUE">20</attwidth><atprecis Sync="TRUE">0</atprecis><attscale Sync="TRUE">0</attscale></attr><attr><attrlabl Sync="TRUE">Zip</attrlabl><attalias Sync="TRUE">Zip</attalias><attrtype Sync="TRUE">Integer</attrtype><attwidth Sync="TRUE">10</attwidth><atprecis Sync="TRUE">10</atprecis><attscale Sync="TRUE">0</attscale></attr><attr><attrlabl Sync="TRUE">ZipExt</attrlabl><attalias Sync="TRUE">ZipExt</attalias><attrtype Sync="TRUE">SmallInteger</attrtype><attwidth Sync="TRUE">5</attwidth><atprecis Sync="TRUE">5</atprecis><attscale Sync="TRUE">0</attscale></attr><attr><attrlabl Sync="TRUE">SaleDate</attrlabl><attalias Sync="TRUE">SaleDate</attalias><attrtype Sync="TRUE">String</attrtype><attwidth Sync="TRUE">8</attwidth><atprecis Sync="TRUE">0</atprecis><attscale Sync="TRUE">0</attscale></attr><attr><attrlabl Sync="TRUE">DeedBook</attrlabl><attalias Sync="TRUE">DeedBook</attalias><attrtype Sync="TRUE">String</attrtype><attwidth Sync="TRUE">6</attwidth><atprecis Sync="TRUE">0</atprecis><attscale Sync="TRUE">0</attscale></attr><attr><attrlabl Sync="TRUE">Page</attrlabl><attalias Sync="TRUE">Page</attalias><attrtype Sync="TRUE">String</attrtype><attwidth Sync="TRUE">4</attwidth><atprecis Sync="TRUE">0</atprecis><attscale Sync="TRUE">0</attscale></attr><attr><attrlabl Sync="TRUE">SaleAmt</attrlabl><attalias Sync="TRUE">SaleAmt</attalias><attrtype Sync="TRUE">Integer</attrtype><attwidth Sync="TRUE">10</attwidth><atprecis Sync="TRUE">10</atprecis><attscale Sync="TRUE">0</attscale></attr><attr><attrlabl Sync="TRUE">SaleType</attrlabl><attalias Sync="TRUE">SaleType</attalias><attrtype Sync="TRUE">String</attrtype><attwidth Sync="TRUE">1</attwidth><atprecis Sync="TRUE">0</atprecis><attscale Sync="TRUE">0</attscale></attr><attr><attrlabl Sync="TRUE">SaleSrce</attrlabl><attalias Sync="TRUE">SaleSrce</attalias><attrtype Sync="TRUE">String</attrtype><attwidth Sync="TRUE">1</attwidth><atprecis Sync="TRUE">0</atprecis><attscale Sync="TRUE">0</attscale></attr><attr><attrlabl Sync="TRUE">SaleVlid</attrlabl><attalias Sync="TRUE">SaleVlid</attalias><attrtype Sync="TRUE">String</attrtype><attwidth Sync="TRUE">1</attwidth><atprecis Sync="TRUE">0</atprecis><attscale Sync="TRUE">0</attscale></attr><attr><attrlabl Sync="TRUE">SHAPE</attrlabl><attalias Sync="TRUE">Shape</attalias><attrtype Sync="TRUE">Geometry</attrtype><attwidth Sync="TRUE">0</attwidth><atprecis Sync="TRUE">0</atprecis><attscale Sync="TRUE">0</attscale><attrdef Sync="TRUE">Feature geometry.</attrdef><attrdefs Sync="TRUE">ESRI</attrdefs><attrdomv><udom Sync="TRUE">Coordinates defining the features.</udom></attrdomv></attr></detailed></eainfo><mdDateSt Sync="TRUE">20160102</mdDateSt><dataqual><lineage><procstep><procdesc Sync="TRUE">Dataset copied.</procdesc><srcused Sync="TRUE">Server=34S-ArcGIS; Service=sde:sqlserver:34S-ArcGIS; Database=gisnn; Version=dbo.DEFAULT</srcused><procdate Sync="TRUE">20090723</procdate><proctime Sync="TRUE">12292500</proctime></procstep></lineage></dataqual></metadata>
